assets/theme.css,src/styles/theme.scss
assets/theme.js,src/scripts/theme.js
assets/theme.0e97646c465a45194304.css,src/styles/theme.0e97646c465a45194304.scss
assets/theme.dda2238ae6145fe3d363.js,src/scripts/theme.dda2238ae6145fe3d363.js
assets/theme.b9e2f2f84f48ac6bcb57.css,src/styles/theme.b9e2f2f84f48ac6bcb57.scss
assets/theme.e1082e0d4cf50aafdb6c.js,src/scripts/theme.e1082e0d4cf50aafdb6c.js
assets/theme.0d9c1d3f0765adc930c0.js,src/scripts/theme.0d9c1d3f0765adc930c0.js
assets/theme.79b9ebf0b527c53fe474.css,src/styles/theme.79b9ebf0b527c53fe474.scss
assets/theme.39a34f1b587288f4dcb4.js,src/scripts/theme.39a34f1b587288f4dcb4.js
assets/theme.fa0de4a9a5fec1d66f35.css,src/styles/theme.fa0de4a9a5fec1d66f35.scss
assets/theme.dec10f48887d41a95e25.js,src/scripts/theme.dec10f48887d41a95e25.js
assets/theme.07a50ed64e3ada8d54c2.css,src/styles/theme.07a50ed64e3ada8d54c2.scss
assets/theme.cae541150c9e589c5817.js,src/scripts/theme.cae541150c9e589c5817.js
assets/theme.646c49043c7836584cc8.css,src/styles/theme.646c49043c7836584cc8.scss
assets/theme.30d729677d184a02046e.js,src/scripts/theme.30d729677d184a02046e.js
assets/theme.91df584c994b8eee1966.css,src/styles/theme.91df584c994b8eee1966.scss
assets/theme.6b223f8d3a2fb94b1332.js,src/scripts/theme.6b223f8d3a2fb94b1332.js
assets/theme.aedfa0e73e07f50cd6cc.css,src/styles/theme.aedfa0e73e07f50cd6cc.scss
assets/theme.05bae1352096a021701d.js,src/scripts/theme.05bae1352096a021701d.js
assets/theme.83b9764de6baa51f4ba4.css,src/styles/theme.83b9764de6baa51f4ba4.scss
assets/theme.21c5ffeab206f162743b.js,src/scripts/theme.21c5ffeab206f162743b.js
assets/theme.9986af48fb47cead1c88.css,src/styles/theme.9986af48fb47cead1c88.scss
assets/theme.48fde2d59603f9d9f2f3.js,src/scripts/theme.48fde2d59603f9d9f2f3.js
assets/theme.abb1d618b545a0728697.css,src/styles/theme.abb1d618b545a0728697.scss
assets/theme.b9e7e904e3f55d73d38a.js,src/scripts/theme.b9e7e904e3f55d73d38a.js
assets/theme.0a38462568acb2d97e28.js,src/scripts/theme.0a38462568acb2d97e28.js